{
    "Total": 3.3070967197418213,
    "Regresi\u00f3n Lineal Simple": 0.017044782638549805,
    "Regresi\u00f3n Ridge": 0.010611772537231445,
    "Decision Tree Regressor": 0.043416738510131836,
    "Random Forest Regressor": 1.1553542613983154,
    "Gradient Boosting Regressor": 1.8578157424926758,
    "XGBoost Regressor": 0.22084879875183105
}