{
    "Total": 3.918928623199463,
    "Regresi\u00f3n Lineal Simple": 0.017314672470092773,
    "Regresi\u00f3n Ridge": 0.01351475715637207,
    "Decision Tree Regressor": 0.04211592674255371,
    "Random Forest Regressor": 1.0255112648010254,
    "Gradient Boosting Regressor": 2.4330484867095947,
    "XGBoost Regressor": 0.37931036949157715
}