{
    "Total": 1.0227923393249512,
    "DecisionTreeClassifier": 0.02423262596130371,
    "KNeighborsClassifier": 0.03288745880126953,
    "RandomForestClassifier": 0.3878321647644043,
    "AdaBoostClassifier": 0.5760204792022705
}