{
    "Optimization": 68.20477509498596,
    "genetic": 39.45212745666504,
    "exhaustive": 28.74839472770691
}