{
    "Optimization": 71.55285573005676,
    "genetic": 40.44042730331421,
    "exhaustive": 31.099101781845093
}