{
    "Optimization": 39.46262073516846,
    "genetic": 18.79802680015564,
    "exhaustive": 20.652469873428345
}