{
    "Optimization": 94.53765845298767,
    "genetic": 35.994773626327515,
    "exhaustive": 58.540892362594604
}