{
    "Optimization": 83.46917629241943,
    "genetic": 53.28177094459534,
    "exhaustive": 30.184404611587524
}