{
    "Optimization": 64.1315667629242,
    "genetic": 34.46570944786072,
    "exhaustive": 29.655861139297485
}