{
    "Optimization": 87.82763051986694,
    "genetic": 33.988813638687134,
    "exhaustive": 53.83678436279297
}