{
    "Optimization": 26.68681836128235,
    "genetic": 8.077415704727173,
    "exhaustive": 18.60640525817871
}