{
    "Optimization": 82.61265563964844,
    "genetic": 52.41393256187439,
    "exhaustive": 30.189088582992554
}